{"legalWeedStatus":{"0":"Fully Illegal","1":"Fully Legal","2":"Mixed"},"MV_Deaths":{"0":23051,"1":21676,"2":66246},"Total_Deaths":{"0":16442563.0,"1":21482996.0,"2":58663863.0},"Total_OD_Deaths":{"0":303403.0,"1":462863.0,"2":1314549.0},"OverdosePercent":{"0":0.0184522936,"1":0.0215455517,"2":0.0224081561},"MVPercent":{"0":0.0014019104,"1":0.001008984,"2":0.0011292471}}