{"legalWeedStatus":{"0":"Fully Illegal","1":"Fully Illegal","2":"Fully Illegal","3":"Fully Legal","4":"Fully Legal","5":"Fully Legal","6":"Mixed","7":"Mixed","8":"Mixed"},"Year":{"0":2015,"1":2016,"2":2017,"3":2015,"4":2016,"5":2017,"6":2015,"7":2016,"8":2017},"MV_Deaths":{"0":7262,"1":8131,"2":7658,"3":6632,"4":7752,"5":7292,"6":21198,"7":22865,"8":22183},"Total_Deaths":{"0":5410542.0,"1":5441650.0,"2":5590371.0,"3":7034178.0,"4":7132055.0,"5":7316763.0,"6":19335816.0,"7":19369225.0,"8":19958822.0},"Total_OD_Deaths":{"0":89453.0,"1":99669.0,"2":114281.0,"3":141214.0,"4":154115.0,"5":167534.0,"6":360158.0,"7":428300.0,"8":526091.0},"OverdosePercent":{"0":0.0165330941,"1":0.018315952,"2":0.0204424715,"3":0.020075409,"4":0.021608779,"5":0.0228972839,"6":0.0186264702,"7":0.0221123974,"8":0.0263588202},"MVPercent":{"0":0.0013421946,"1":0.0014942159,"2":0.0013698554,"3":0.0009428252,"4":0.0010869238,"5":0.0009966156,"6":0.0010963075,"7":0.0011804809,"8":0.0011114383}}